{
  "attempts": [
    {
      "args": [
        "uv",
        "run",
        "python",
        "src/matrixlab/cli.py",
        "run",
        "--cases",
        "10"
      ],
      "elapsed_seconds": 0.295462,
      "new_receipt_count": 0,
      "new_receipt_paths": [],
      "returncode": 2,
      "stderr_tail": "Usage: cli.py run [OPTIONS]\nTry 'cli.py run --help' for help.\n\u256d\u2500 Error \u2500\u2500\u2500\u2500\u2500\u2500\u2500\u2500\u2500\u2500\u2500\u2500\u2500\u2500\u2500\u2500\u2500\u2500\u2500\u2500\u2500\u2500\u2500\u2500\u2500\u2500\u2500\u2500\u2500\u2500\u2500\u2500\u2500\u2500\u2500\u2500\u2500\u2500\u2500\u2500\u2500\u2500\u2500\u2500\u2500\u2500\u2500\u2500\u2500\u2500\u2500\u2500\u2500\u2500\u2500\u2500\u2500\u2500\u2500\u2500\u2500\u2500\u2500\u2500\u2500\u2500\u2500\u2500\u2500\u2500\u256e\n\u2502 No such option: --cases                                                      \u2502\n\u2570\u2500\u2500\u2500\u2500\u2500\u2500\u2500\u2500\u2500\u2500\u2500\u2500\u2500\u2500\u2500\u2500\u2500\u2500\u2500\u2500\u2500\u2500\u2500\u2500\u2500\u2500\u2500\u2500\u2500\u2500\u2500\u2500\u2500\u2500\u2500\u2500\u2500\u2500\u2500\u2500\u2500\u2500\u2500\u2500\u2500\u2500\u2500\u2500\u2500\u2500\u2500\u2500\u2500\u2500\u2500\u2500\u2500\u2500\u2500\u2500\u2500\u2500\u2500\u2500\u2500\u2500\u2500\u2500\u2500\u2500\u2500\u2500\u2500\u2500\u2500\u2500\u2500\u2500\u256f\n",
      "stdout_tail": ""
    },
    {
      "args": [
        "uv",
        "run",
        "python",
        "src/matrixlab/cli.py",
        "run",
        "--count",
        "10"
      ],
      "elapsed_seconds": 0.286247,
      "new_receipt_count": 0,
      "new_receipt_paths": [],
      "returncode": 2,
      "stderr_tail": "Usage: cli.py run [OPTIONS]\nTry 'cli.py run --help' for help.\n\u256d\u2500 Error \u2500\u2500\u2500\u2500\u2500\u2500\u2500\u2500\u2500\u2500\u2500\u2500\u2500\u2500\u2500\u2500\u2500\u2500\u2500\u2500\u2500\u2500\u2500\u2500\u2500\u2500\u2500\u2500\u2500\u2500\u2500\u2500\u2500\u2500\u2500\u2500\u2500\u2500\u2500\u2500\u2500\u2500\u2500\u2500\u2500\u2500\u2500\u2500\u2500\u2500\u2500\u2500\u2500\u2500\u2500\u2500\u2500\u2500\u2500\u2500\u2500\u2500\u2500\u2500\u2500\u2500\u2500\u2500\u2500\u2500\u256e\n\u2502 No such option: --count                                                      \u2502\n\u2570\u2500\u2500\u2500\u2500\u2500\u2500\u2500\u2500\u2500\u2500\u2500\u2500\u2500\u2500\u2500\u2500\u2500\u2500\u2500\u2500\u2500\u2500\u2500\u2500\u2500\u2500\u2500\u2500\u2500\u2500\u2500\u2500\u2500\u2500\u2500\u2500\u2500\u2500\u2500\u2500\u2500\u2500\u2500\u2500\u2500\u2500\u2500\u2500\u2500\u2500\u2500\u2500\u2500\u2500\u2500\u2500\u2500\u2500\u2500\u2500\u2500\u2500\u2500\u2500\u2500\u2500\u2500\u2500\u2500\u2500\u2500\u2500\u2500\u2500\u2500\u2500\u2500\u2500\u256f\n",
      "stdout_tail": ""
    },
    {
      "args": [
        "uv",
        "run",
        "python",
        "src/matrixlab/cli.py",
        "run",
        "--limit",
        "10"
      ],
      "elapsed_seconds": 0.295451,
      "new_receipt_count": 0,
      "new_receipt_paths": [],
      "returncode": 2,
      "stderr_tail": "Usage: cli.py run [OPTIONS]\nTry 'cli.py run --help' for help.\n\u256d\u2500 Error \u2500\u2500\u2500\u2500\u2500\u2500\u2500\u2500\u2500\u2500\u2500\u2500\u2500\u2500\u2500\u2500\u2500\u2500\u2500\u2500\u2500\u2500\u2500\u2500\u2500\u2500\u2500\u2500\u2500\u2500\u2500\u2500\u2500\u2500\u2500\u2500\u2500\u2500\u2500\u2500\u2500\u2500\u2500\u2500\u2500\u2500\u2500\u2500\u2500\u2500\u2500\u2500\u2500\u2500\u2500\u2500\u2500\u2500\u2500\u2500\u2500\u2500\u2500\u2500\u2500\u2500\u2500\u2500\u2500\u2500\u256e\n\u2502 No such option: --limit                                                      \u2502\n\u2570\u2500\u2500\u2500\u2500\u2500\u2500\u2500\u2500\u2500\u2500\u2500\u2500\u2500\u2500\u2500\u2500\u2500\u2500\u2500\u2500\u2500\u2500\u2500\u2500\u2500\u2500\u2500\u2500\u2500\u2500\u2500\u2500\u2500\u2500\u2500\u2500\u2500\u2500\u2500\u2500\u2500\u2500\u2500\u2500\u2500\u2500\u2500\u2500\u2500\u2500\u2500\u2500\u2500\u2500\u2500\u2500\u2500\u2500\u2500\u2500\u2500\u2500\u2500\u2500\u2500\u2500\u2500\u2500\u2500\u2500\u2500\u2500\u2500\u2500\u2500\u2500\u2500\u2500\u256f\n",
      "stdout_tail": ""
    },
    {
      "args": [
        "uv",
        "run",
        "python",
        "src/matrixlab/cli.py",
        "run",
        "--n",
        "10"
      ],
      "elapsed_seconds": 0.287836,
      "new_receipt_count": 0,
      "new_receipt_paths": [],
      "returncode": 2,
      "stderr_tail": "Usage: cli.py run [OPTIONS]\nTry 'cli.py run --help' for help.\n\u256d\u2500 Error \u2500\u2500\u2500\u2500\u2500\u2500\u2500\u2500\u2500\u2500\u2500\u2500\u2500\u2500\u2500\u2500\u2500\u2500\u2500\u2500\u2500\u2500\u2500\u2500\u2500\u2500\u2500\u2500\u2500\u2500\u2500\u2500\u2500\u2500\u2500\u2500\u2500\u2500\u2500\u2500\u2500\u2500\u2500\u2500\u2500\u2500\u2500\u2500\u2500\u2500\u2500\u2500\u2500\u2500\u2500\u2500\u2500\u2500\u2500\u2500\u2500\u2500\u2500\u2500\u2500\u2500\u2500\u2500\u2500\u2500\u256e\n\u2502 No such option: --n                                                          \u2502\n\u2570\u2500\u2500\u2500\u2500\u2500\u2500\u2500\u2500\u2500\u2500\u2500\u2500\u2500\u2500\u2500\u2500\u2500\u2500\u2500\u2500\u2500\u2500\u2500\u2500\u2500\u2500\u2500\u2500\u2500\u2500\u2500\u2500\u2500\u2500\u2500\u2500\u2500\u2500\u2500\u2500\u2500\u2500\u2500\u2500\u2500\u2500\u2500\u2500\u2500\u2500\u2500\u2500\u2500\u2500\u2500\u2500\u2500\u2500\u2500\u2500\u2500\u2500\u2500\u2500\u2500\u2500\u2500\u2500\u2500\u2500\u2500\u2500\u2500\u2500\u2500\u2500\u2500\u2500\u256f\n",
      "stdout_tail": ""
    },
    {
      "args": [
        "uv",
        "run",
        "python",
        "src/matrixlab/cli.py",
        "run"
      ],
      "elapsed_seconds": 1.339565,
      "new_receipt_count": 0,
      "new_receipt_paths": [],
      "returncode": 0,
      "stderr_tail": "MATRIXLAB_PROGRESS phase=STARTING run_id=? receipts=0 cases~=54 \nfamilies=A,,,B,,,C,,,D,,,E depth=3..8 cycles=0 elapsed=0.0s\nMATRIXLAB_PROGRESS phase=RUNNING run_id=run_20260623_060237_751310 receipts=1 \ncases~=54 families=A,,,B,,,C,,,D,,,E depth=3..8 cycles=0 \nlast_family=one_sided_suspension last_depth=3 last_cycle=1 elapsed=0.2s\n",
      "stdout_tail": "MatrixLab run started: run_20260623_060237_751310\nFamilies: ['one_sided_suspension', 'two_sided_suspension', \n'suspension_plus_repair', 'projection_quotient', 'relabel_symmetry_stress']\nDepths: 3..8\nCycles per case: 8\nMax cells per matrix: 250000\nDone.\n{\n  \"run_id\": \"run_20260623_060237_751310\",\n  \"created_utc\": \"2026-06-23T06:02:38.484063+00:00\",\n  \"families\": [\n    \"one_sided_suspension\",\n    \"two_sided_suspension\",\n    \"suspension_plus_repair\",\n    \"projection_quotient\",\n    \"relabel_symmetry_stress\"\n  ],\n  \"depth_min\": 3,\n  \"depth_max\": 8,\n  \"cycles_per_case\": 8,\n  \"max_cells\": 250000,\n  \"total_cases\": 30,\n  \"total_receipts\": 237,\n  \"halt_counts\": {\n    \"CYCLES_COMPLETE\": 29,\n    \"REPEATED_STATE_PERIODIC\": 1\n  },\n  \"max_registered_moves\": 8,\n  \"max_compression_ratio\": 8.0,\n  \"max_matrix_cells\": 256,\n  \"max_registered_move_profiles\": 8\n}\n"
    }
  ],
  "new_receipt_count_total": 0,
  "probe_attempt_count": 5,
  "probe_radius": 10,
  "probe_resolved": false,
  "receipt_count_after": 295,
  "receipt_count_before": 295,
  "schema_version": "r1000_post_closure_harvest_command_resolver_small_probe_result_v0",
  "selected_probe_command": null,
  "selected_probe_new_receipt_count": 0
}
